type,approved_id,approved_time,approved_labels,approved_heroes,approved_result,pipeline_id,pipeline_time,pipeline_labels,pipeline_heroes,pipeline_result,detail,approved_comment
approved_comment,18,01:58-02:03,控符,下符点附近： FLCN(天辉)： 无; GLYPH(夜魇)： 祈求者,祈求者反补水符,,,,,,人物错误，上符点附近： FLCN(天辉)： 无; GLYPH(夜魇)： 祈求者 祈求者反补上水符，拾取下水符,人物错误，上符点附近： FLCN(天辉)： 无; GLYPH(夜魇)： 祈求者 祈求者反补上水符，拾取下水符
approved_comment,24,04:20-04:39,小规模冲突,天辉：小小、巫妖、电炎绝手；夜魇：拉比克、祈求者、酒仙,击杀结果：天辉 0 - 0 夜魇；死亡：无,,,,,,人物错误，天辉方电炎绝手没有参与小规模冲突，只与祈求者对线,人物错误，天辉方电炎绝手没有参与小规模冲突，只与祈求者对线
approved_comment,37,07:55-08:00,控符,上符点附近： FLCN(天辉)： 朗戈; GLYPH(夜魇)： 无,神符刷新在另一侧,,,,,,地点错误，急速神符刷新在上符点,地点错误，急速神符刷新在上符点
approved_comment,40,08:05-08:10,控符,下符点附近： FLCN(天辉)： 无; GLYPH(夜魇)： 祈求者,祈求者反补急速神符,,,,,,地点错误，上符点附近： FLCN(天辉)： 朗戈、电炎绝手; GLYPH(夜魇)： 祈求者,地点错误，上符点附近： FLCN(天辉)： 朗戈、电炎绝手; GLYPH(夜魇)： 祈求者
approved_comment,47,09:14-09:27,小规模冲突 / 守塔团,天辉：小小、巫妖、朗戈、电炎绝手；夜魇：拉比克、祈求者,击杀结果：天辉 1 - 0 夜魇；死亡：09:27 拉比克,,,,,,人物错误，小小没有参与小规模冲突，酒仙TP并取消,人物错误，小小没有参与小规模冲突，酒仙TP并取消
approved_comment,51,10:08-10:22,小规模冲突,天辉：巫妖、朗戈、玛尔斯、电炎绝手；夜魇：拉比克、树精卫士、风行者,击杀结果：天辉 3 - 1 夜魇；死亡：10:18 朗戈、10:20 树精卫士、10:21 拉比克、10:22 风行者,,,,,,人物错误，祈求者参与小规模冲突，小天火支援,人物错误，祈求者参与小规模冲突，小天火支援
approved_comment,73,16:02-16:07,控符,"上符点附近： FLCN(天辉)： 巫妖, 电炎绝手; GLYPH(夜魇)： 无",电炎绝手罐装奥术神符,,,,,,人物错误，上符点附近漏了朗戈,人物错误，上符点附近漏了朗戈
approved_comment,79,17:18-17:25,小规模冲突,天辉：巫妖、朗戈；夜魇：树精卫士、风行者,击杀结果：天辉 0 - 1 夜魇；死亡：17:25 巫妖,,,,,,时间延长到17:35，天辉参与增加电炎绝手、玛尔斯，结果不变,时间延长到17:35，天辉参与增加电炎绝手、玛尔斯，结果不变
approved_comment,84,18:56-19:06,囤野/堆野,天辉：无；夜魇：风行者,,,,,,,风行者没有囤野,风行者没有囤野
approved_comment,85,19:26-19:31,控符,下符点附近： FLCN(天辉)： 电炎绝手; GLYPH(夜魇)： 无,电炎绝手拾取双倍神符,,,,,,地点错误，改为上符点,地点错误，改为上符点
approved_comment,100,22:20-22:41,开雾,天辉：小小、巫妖、朗戈、电炎绝手；夜魇：无,"使用: FLCN(天辉) 巫妖; 进入: 朗戈, 巫妖, 电炎绝手, 小小；位置：下路/下半区 raw=(134,93) game=(743,-4506)",,,,,,人物错误，电炎绝手没有进雾,人物错误，电炎绝手没有进雾
approved_comment,101,22:42-22:46,小规模冲突,天辉：小小、朗戈、电炎绝手；夜魇：拉比克,击杀结果：天辉 1 - 0 夜魇；死亡：22:46 拉比克,,,,,,巫妖在附近但是没有参与助攻,巫妖在附近但是没有参与助攻
approved_comment,102,23:06-23:40,肉山尝试,天辉：小小、巫妖、朗戈、玛尔斯、电炎绝手；夜魇：祈求者、酒仙,,,,,,,人物错误，少了风行者和树精卫士,人物错误，少了风行者和树精卫士
approved_comment,105,23:47-24:08,团战,天辉：小小、巫妖、朗戈、玛尔斯、电炎绝手；夜魇：拉比克、树精卫士、祈求者、酒仙、风行者,击杀结果：天辉 0 - 2 夜魇；死亡：23:56 玛尔斯、23:59 小小,,,,,,结果错误，击杀结果：天辉 0 - 3 夜魇；死亡：23:56 玛尔斯、23:59 小小、24:08 朗戈,结果错误，击杀结果：天辉 0 - 3 夜魇；死亡：23:56 玛尔斯、23:59 小小、24:08 朗戈
approved_comment,112,25:30-26:15,团战,天辉：小小、巫妖、朗戈、玛尔斯、电炎绝手；夜魇：拉比克、树精卫士、祈求者、酒仙、风行者,击杀结果：天辉 0 - 1 夜魇；死亡：25:55 电炎绝手,,,,,,击杀结果：天辉2-3夜魇，死亡：25:42 酒仙、25:55 电炎绝手、26:01 玛尔斯、26:14拉比克、26:14朗戈,击杀结果：天辉2-3夜魇，死亡：25:42 酒仙、25:55 电炎绝手、26:01 玛尔斯、26:14拉比克、26:14朗戈
approved_comment,119,28:28-28:50,小规模冲突,天辉：小小、朗戈、电炎绝手；夜魇：树精卫士、祈求者、酒仙、风行者,击杀结果：天辉 0 - 1 夜魇；死亡：28:50 小小,,,,,,团战，参与者漏了，天辉：小小、朗戈、电炎绝手。玛尔斯；夜魇：树精卫士、祈求者、酒仙、风行者、拉比克,团战，参与者漏了，天辉：小小、朗戈、电炎绝手。玛尔斯；夜魇：树精卫士、祈求者、酒仙、风行者、拉比克
approved_comment,125,30:08-30:12,小规模冲突,天辉：玛尔斯；夜魇：拉比克、树精卫士、祈求者,击杀结果：未记录英雄击杀；死亡：无,,,,,,人物漏了电炎绝手、巫妖,人物漏了电炎绝手、巫妖
approved_comment,130,31:55-32:00,控符,"上符点附近： FLCN(天辉)： 巫妖, 电炎绝手; GLYPH(夜魇)： 无",神符刷新在另一侧,,,,,,人物错误，天辉与夜魇均没有人物参与,人物错误，天辉与夜魇均没有人物参与
approved_comment,135,33:28-34:08,肉山团 / 团战,天辉：小小、巫妖、朗戈、玛尔斯、电炎绝手；夜魇：树精卫士、祈求者、酒仙、风行者,击杀结果：天辉 1 - 2 夜魇；死亡：33:44 巫妖、33:44 朗戈、33:47 树精卫士；目标：肉山相关,,,,,,结果错误，击杀结果：天辉 1 - 4 夜魇；死亡：33:44 巫妖、33:44 朗戈、33:47 树精卫士、33:52 电炎绝手、34:08 小小,结果错误，击杀结果：天辉 1 - 4 夜魇；死亡：33:44 巫妖、33:44 朗戈、33:47 树精卫士、33:52 电炎绝手、34:08 小小
approved_comment,141,36:03-36:03,资源获得,天辉：玛尔斯；夜魇：无,FLCN(天辉) 玛尔斯获得/放置战旗,,,,,,人物、结果错误。GLYPH（夜魇）拉比克放置战旗,人物、结果错误。GLYPH（夜魇）拉比克放置战旗
approved_comment,145,36:53-37:48,高地团 / 团战,天辉：小小、巫妖、朗戈、电炎绝手；夜魇：拉比克、树精卫士、祈求者、酒仙、风行者,击杀结果：天辉 3 - 2 夜魇；死亡：37:07 风行者、37:15 树精卫士、37:30 酒仙、37:36 巫妖、37:44 小小,,,,,,结果错误，击杀结果：天辉 3 - 3夜魇；死亡：37:07 风行者、37:15 树精卫士、37:30 酒仙、37:36 巫妖、37:44 小小、37:49 朗戈,结果错误，击杀结果：天辉 3 - 3夜魇；死亡：37:07 风行者、37:15 树精卫士、37:30 酒仙、37:36 巫妖、37:44 小小、37:49 朗戈
approved_comment,147,38:16-38:39,高地团 / 小规模冲突,天辉：玛尔斯、电炎绝手；夜魇：拉比克、祈求者,击杀结果：天辉 0 - 2 夜魇；死亡：38:27 玛尔斯、38:39 电炎绝手,,,,,,团战地点在高地外,团战地点在高地外
approved_comment,165,44:23-45:12,肉山尝试,天辉：巫妖；夜魇：拉比克、树精卫士、酒仙,,,,,,,人物漏了玛尔斯,人物漏了玛尔斯
approved_comment,166,44:47-45:18,团战,天辉：巫妖、朗戈、玛尔斯、电炎绝手；夜魇：拉比克、树精卫士、祈求者、酒仙、风行者,击杀结果：未记录英雄击杀；死亡：无,,,,,,结果错误。击杀结果：天辉 0-2夜魇；死亡：44:58朗戈、45:10电炎绝手,结果错误。击杀结果：天辉 0-2夜魇；死亡：44:58朗戈、45:10电炎绝手
approved_missing_in_pipeline,6,00:00-05:00,对线分路,天辉：小小；夜魇：无,分路结果：优势路 (bot); 无>1min次要路,,,,,,approved row has no fuzzy pipeline match,
approved_missing_in_pipeline,7,00:00-05:00,对线分路,天辉：巫妖；夜魇：无,分路结果：优势路 (bot); 无>1min次要路,,,,,,approved row has no fuzzy pipeline match,
approved_missing_in_pipeline,8,00:00-05:00,对线分路,天辉：朗戈；夜魇：无,分路结果：劣势路 (top); 无>1min次要路,,,,,,approved row has no fuzzy pipeline match,
approved_missing_in_pipeline,9,00:00-05:00,对线分路,天辉：玛尔斯；夜魇：无,分路结果：劣势路 (top); 无>1min次要路,,,,,,approved row has no fuzzy pipeline match,
approved_missing_in_pipeline,10,00:00-05:00,对线分路,天辉：电炎绝手；夜魇：无,分路结果：中路 (mid); 无>1min次要路,,,,,,approved row has no fuzzy pipeline match,
approved_missing_in_pipeline,11,00:00-05:00,对线分路,天辉：无；夜魇：拉比克,分路结果：劣势路 (bot); 无>1min次要路,,,,,,approved row has no fuzzy pipeline match,
approved_missing_in_pipeline,12,00:00-05:00,对线分路,天辉：无；夜魇：树精卫士,分路结果：优势路 (top); 无>1min次要路,,,,,,approved row has no fuzzy pipeline match,
approved_missing_in_pipeline,13,00:00-05:00,对线分路,天辉：无；夜魇：祈求者,分路结果：中路 (mid); 无>1min次要路,,,,,,approved row has no fuzzy pipeline match,
approved_missing_in_pipeline,14,00:00-05:00,对线分路,天辉：无；夜魇：酒仙,分路结果：劣势路 (bot); 无>1min次要路,,,,,,approved row has no fuzzy pipeline match,
approved_missing_in_pipeline,15,00:00-05:00,对线分路,天辉：无；夜魇：风行者,分路结果：优势路 (top); 无>1min次要路,,,,,,approved row has no fuzzy pipeline match,
approved_missing_in_pipeline,30,06:06-06:11,控符,"上符点附近： FLCN(天辉)： 电炎绝手, 朗戈; GLYPH(夜魇)： 无",电炎绝手罐装护盾神符,,,,,,approved row has no fuzzy pipeline match,
approved_missing_in_pipeline,35,07:05-07:19,拉野,天辉：小小、巫妖；夜魇：无,线上小兵与中立单位交战/死亡 2 条，死亡 2 条；样例: 07:13 npc_dota_neutral_polar_furbolg_ursa_warrior->npc_dota_creep_goodguys_melee; 07:19 npc_dota_neutral_enraged_wildkin->npc_dota_creep_goodguys_ranged,,,,,,approved row has no fuzzy pipeline match,
approved_missing_in_pipeline,40,08:05-08:10,控符,下符点附近： FLCN(天辉)： 无; GLYPH(夜魇)： 祈求者,祈求者反补急速神符,,,,,,approved row has no fuzzy pipeline match,地点错误，上符点附近： FLCN(天辉)： 朗戈、电炎绝手; GLYPH(夜魇)： 祈求者
approved_missing_in_pipeline,50,10:04-10:09,控符,下符点附近： FLCN(天辉)： 电炎绝手; GLYPH(夜魇)： 无,电炎绝手罐装恢复神符,,,,,,approved row has no fuzzy pipeline match,
approved_missing_in_pipeline,58,13:34-13:55,拉野,天辉：无；夜魇：无,线上小兵与中立单位交战/死亡 2 条，死亡 2 条；样例: 13:42 npc_dota_neutral_polar_furbolg_ursa_warrior->npc_dota_creep_badguys_melee; 13:55 npc_dota_neutral_polar_furbolg_ursa_warrior->npc_dota_creep_badguys_flagbearer,,,,,,approved row has no fuzzy pipeline match,
approved_missing_in_pipeline,65,14:06-14:11,控符,"下符点附近： FLCN(天辉)： 玛尔斯; GLYPH(夜魇)： 酒仙, 祈求者, 拉比克",酒仙拾取幻象神符,,,,,,approved row has no fuzzy pipeline match,
approved_missing_in_pipeline,99,22:03-22:08,控符,下符点附近： FLCN(天辉)： 无; GLYPH(夜魇)： 拉比克,拉比克拾取护盾神符,,,,,,approved row has no fuzzy pipeline match,
approved_missing_in_pipeline,102,23:06-23:40,肉山尝试,天辉：小小、巫妖、朗戈、玛尔斯、电炎绝手；夜魇：祈求者、酒仙,,,,,,,approved row has no fuzzy pipeline match,人物错误，少了风行者和树精卫士
approved_missing_in_pipeline,131,32:20-32:25,控符,下符点附近： FLCN(天辉)： 无; GLYPH(夜魇)： 拉比克,拉比克拾取恢复神符,,,,,,approved row has no fuzzy pipeline match,
approved_missing_in_pipeline,141,36:03-36:03,资源获得,天辉：玛尔斯；夜魇：无,FLCN(天辉) 玛尔斯获得/放置战旗,,,,,,approved row has no fuzzy pipeline match,人物、结果错误。GLYPH（夜魇）拉比克放置战旗
approved_missing_in_pipeline,145,36:53-37:48,高地团 / 团战,天辉：小小、巫妖、朗戈、电炎绝手；夜魇：拉比克、树精卫士、祈求者、酒仙、风行者,击杀结果：天辉 3 - 2 夜魇；死亡：37:07 风行者、37:15 树精卫士、37:30 酒仙、37:36 巫妖、37:44 小小,,,,,,approved row has no fuzzy pipeline match,结果错误，击杀结果：天辉 3 - 3夜魇；死亡：37:07 风行者、37:15 树精卫士、37:30 酒仙、37:36 巫妖、37:44 小小、37:49 朗戈
approved_missing_in_pipeline,163,44:11-44:16,控符,夜魇赏金符点附近： FLCN(天辉)： 无; GLYPH(夜魇)： 风行者,风行者拾取夜魇赏金神符,,,,,,approved row has no fuzzy pipeline match,
approved_missing_in_pipeline,165,44:23-45:12,肉山尝试,天辉：巫妖；夜魇：拉比克、树精卫士、酒仙,,,,,,,approved row has no fuzzy pipeline match,人物漏了玛尔斯
pipeline_extra,,,,,,8,00:39-01:09,小规模冲突,天辉：小小、巫妖；夜魇：拉比克、酒仙,击杀结果：天辉 0 - 0 夜魇；死亡：无,pipeline row has no fuzzy approved match,
pipeline_extra,,,,,,9,01:45-01:50,小规模冲突,天辉：朗戈、玛尔斯；夜魇：树精卫士、风行者,击杀结果：天辉 0 - 0 夜魇；死亡：无,pipeline row has no fuzzy approved match,
pipeline_extra,,,,,,11,02:03-02:03,控符,天辉：无；夜魇：祈求者,祈求者拾取水符,pipeline row has no fuzzy approved match,
pipeline_extra,,,,,,12,02:13-02:13,小规模冲突,天辉：巫妖；夜魇：酒仙,击杀结果：天辉 0 - 0 夜魇；死亡：无,pipeline row has no fuzzy approved match,
pipeline_extra,,,,,,13,02:14-02:21,小规模冲突,天辉：电炎绝手；夜魇：祈求者,击杀结果：天辉 0 - 0 夜魇；死亡：无,pipeline row has no fuzzy approved match,
pipeline_extra,,,,,,14,02:34-03:07,小规模冲突,天辉：电炎绝手；夜魇：祈求者,击杀结果：天辉 0 - 0 夜魇；死亡：无,pipeline row has no fuzzy approved match,
pipeline_extra,,,,,,15,02:36-02:36,小规模冲突,天辉：朗戈、玛尔斯；夜魇：风行者,击杀结果：天辉 0 - 0 夜魇；死亡：无,pipeline row has no fuzzy approved match,
pipeline_extra,,,,,,17,03:24-03:36,小规模冲突,天辉：电炎绝手；夜魇：祈求者,击杀结果：天辉 0 - 0 夜魇；死亡：无,pipeline row has no fuzzy approved match,
pipeline_extra,,,,,,18,03:32-03:47,小规模冲突,天辉：小小、巫妖；夜魇：拉比克、酒仙,击杀结果：天辉 0 - 0 夜魇；死亡：无,pipeline row has no fuzzy approved match,
pipeline_extra,,,,,,29,06:46-06:49,小规模冲突,天辉：玛尔斯；夜魇：风行者,击杀结果：天辉 0 - 0 夜魇；死亡：无,pipeline row has no fuzzy approved match,
pipeline_extra,,,,,,35,07:29-07:37,小规模冲突,天辉：巫妖；夜魇：酒仙,击杀结果：天辉 0 - 0 夜魇；死亡：无,pipeline row has no fuzzy approved match,
pipeline_extra,,,,,,37,07:58-08:17,小规模冲突,天辉：小小、电炎绝手；夜魇：拉比克、树精卫士、祈求者、酒仙、风行者,击杀结果：天辉 0 - 1 夜魇；死亡：08:17 小小,pipeline row has no fuzzy approved match,
pipeline_extra,,,,,,47,09:17-09:23,小规模冲突,天辉：玛尔斯；夜魇：树精卫士、风行者,击杀结果：天辉 0 - 0 夜魇；死亡：无,pipeline row has no fuzzy approved match,
pipeline_extra,,,,,,51,10:50-10:57,小规模冲突,天辉：小小、电炎绝手；夜魇：树精卫士、风行者,击杀结果：天辉 0 - 0 夜魇；死亡：无,pipeline row has no fuzzy approved match,
pipeline_extra,,,,,,96,22:03-22:03,小规模冲突,天辉：玛尔斯；夜魇：风行者,击杀结果：天辉 0 - 0 夜魇；死亡：无,pipeline row has no fuzzy approved match,
pipeline_extra,,,,,,100,23:00-23:00,小规模冲突,天辉：电炎绝手；夜魇：风行者,击杀结果：天辉 0 - 0 夜魇；死亡：无,pipeline row has no fuzzy approved match,
pipeline_extra,,,,,,101,23:20-23:34,小规模冲突,天辉：小小、朗戈、玛尔斯、电炎绝手；夜魇：祈求者、酒仙、风行者,击杀结果：天辉 0 - 0 夜魇；死亡：无,pipeline row has no fuzzy approved match,
pipeline_extra,,,,,,119,28:36-28:50,团战,天辉：小小、朗戈、玛尔斯、电炎绝手；夜魇：拉比克、树精卫士、祈求者、酒仙、风行者,击杀结果：天辉 0 - 1 夜魇；死亡：28:50 小小,pipeline row has no fuzzy approved match,
pipeline_extra,,,,,,156,42:40-42:45,小规模冲突,天辉：玛尔斯；夜魇：拉比克、酒仙,击杀结果：天辉 0 - 0 夜魇；死亡：无,pipeline row has no fuzzy approved match,
pipeline_extra,,,,,,158,43:40-43:43,小规模冲突,天辉：小小、玛尔斯；夜魇：祈求者、风行者,击杀结果：天辉 0 - 0 夜魇；死亡：无,pipeline row has no fuzzy approved match,
matched_diff,1,-00:44--00:11,开雾,天辉：无；夜魇：拉比克、树精卫士、祈求者、酒仙、风行者,"使用: GLYPH(夜魇) 树精卫士; 进入: 酒仙, 祈求者, 拉比克, 树精卫士, 风行者；位置：中路/河道 raw=(120,152) game=(-1051,3044)",1,-00:44--00:44,开雾,天辉：无；夜魇：树精卫士,树精卫士 使用诡计之雾,time_range;heroes;result,
matched_diff,2,-00:33--00:11,开雾,天辉：小小、巫妖、朗戈、玛尔斯、电炎绝手；夜魇：无,"使用: FLCN(天辉) 巫妖; 进入: 朗戈, 巫妖, 玛尔斯, 电炎绝手, 小小；位置：上路/上半区 raw=(81,146) game=(-6021,2338)",2,-00:33--00:33,开雾,天辉：巫妖；夜魇：无,巫妖 使用诡计之雾,time_range;heroes;result,
matched_diff,3,00:00-00:00,控符,"夜魇赏金符点附近： FLCN(天辉)： 无; GLYPH(夜魇)： 风行者, 拉比克, 树精卫士",树精卫士拾取夜魇赏金神符,3,00:00-00:00,控符,天辉：小小；夜魇：无,小小拾取赏金神符,heroes;result,
matched_diff,4,00:00-00:00,控符,天辉赏金符点附近： FLCN(天辉)： 小小; GLYPH(夜魇)： 无,小小拾取天辉赏金神符,4,00:00-00:00,控符,天辉：巫妖；夜魇：无,巫妖拾取赏金神符,heroes;result,
matched_diff,5,00:00-00:00,控符,"天辉赏金符点附近： FLCN(天辉)： 巫妖, 朗戈; GLYPH(夜魇)： 无",巫妖拾取天辉赏金神符,5,00:00-00:00,控符,天辉：无；夜魇：树精卫士,树精卫士拾取赏金神符,heroes;result,
matched_diff,16,00:03-00:08,控符,夜魇赏金符点附近： FLCN(天辉)： 无; GLYPH(夜魇)： 风行者,风行者拾取夜魇赏金神符,6,00:08-00:08,控符,天辉：无；夜魇：风行者,风行者拾取赏金神符,time_range;heroes;result,
matched_diff,17,00:41-00:49,小规模冲突,天辉：朗戈、玛尔斯；夜魇：树精卫士、风行者,击杀结果：天辉 0 - 0 夜魇；死亡：无,7,00:27-01:32,小规模冲突,天辉：朗戈、玛尔斯、电炎绝手；夜魇：树精卫士、祈求者、风行者,击杀结果：天辉 0 - 0 夜魇；死亡：无,time_range;heroes,
matched_diff,18,01:58-02:03,控符,下符点附近： FLCN(天辉)： 无; GLYPH(夜魇)： 祈求者,祈求者反补水符,10,02:03-02:03,控符,天辉：无；夜魇：祈求者,祈求者反补水符,time_range;heroes,人物错误，上符点附近： FLCN(天辉)： 无; GLYPH(夜魇)： 祈求者 祈求者反补上水符，拾取下水符
matched_diff,19,03:10-03:14,小规模冲突,天辉：小小、巫妖；夜魇：拉比克、树精卫士、祈求者、酒仙,击杀结果：天辉 0 - 1 夜魇；死亡：03:14 巫妖,16,03:02-03:14,小规模冲突,天辉：小小、巫妖；夜魇：拉比克、树精卫士、祈求者、酒仙,击杀结果：天辉 0 - 1 夜魇；死亡：03:14 巫妖,time_range,
matched_diff,20,03:55-04:15,小规模冲突,天辉：玛尔斯；夜魇：树精卫士、风行者,击杀结果：天辉 0 - 1 夜魇；死亡：04:15 玛尔斯,19,03:37-05:45,小规模冲突,天辉：朗戈、玛尔斯、电炎绝手；夜魇：树精卫士、祈求者、风行者,击杀结果：天辉 1 - 1 夜魇；死亡：04:10 玛尔斯、05:29 祈求者,time_range;heroes;result,
matched_diff,21,03:56-04:01,控符,下符点附近： FLCN(天辉)： 无; GLYPH(夜魇)： 祈求者,祈求者拾取水符,21,04:01-04:01,控符,天辉：无；夜魇：祈求者,祈求者拾取水符,time_range;heroes,
matched_diff,22,03:56-04:06,囤野/堆野,天辉：无；夜魇：拉比克,,20,04:01-04:01,囤野/堆野,天辉：无；夜魇：拉比克,拉比克 堆野计数增加：camps +1，creeps +1,time_range;result,
matched_diff,23,04:01-04:06,控符,上符点附近： FLCN(天辉)： 电炎绝手; GLYPH(夜魇)： 无,电炎绝手罐装水符,23,04:06-04:06,控符,天辉：电炎绝手；夜魇：无,电炎绝手罐装水符,time_range;heroes,
matched_diff,24,04:20-04:39,小规模冲突,天辉：小小、巫妖、电炎绝手；夜魇：拉比克、祈求者、酒仙,击杀结果：天辉 0 - 0 夜魇；死亡：无,22,04:02-04:42,小规模冲突,天辉：小小、巫妖；夜魇：拉比克、酒仙,击杀结果：天辉 0 - 0 夜魇；死亡：无,time_range;heroes,人物错误，天辉方电炎绝手没有参与小规模冲突，只与祈求者对线
matched_diff,25,04:56-05:06,囤野/堆野,天辉：巫妖；夜魇：无,,25,05:01-05:01,囤野/堆野,天辉：巫妖；夜魇：无,巫妖 堆野计数增加：camps +1，creeps +3,time_range;result,
matched_diff,26,05:14-05:34,小规模冲突,天辉：电炎绝手；夜魇：祈求者,击杀结果：天辉 1 - 0 夜魇；死亡：05:34 祈求者,24,04:55-05:04,小规模冲突,天辉：小小、巫妖；夜魇：拉比克、酒仙,击杀结果：天辉 0 - 0 夜魇；死亡：无,time_range;heroes;result,
matched_diff,27,05:43-05:48,控符,天辉赏金符点附近： FLCN(天辉)： 电炎绝手; GLYPH(夜魇)： 无,电炎绝手罐装天辉赏金神符,26,05:48-05:48,控符,天辉：电炎绝手；夜魇：无,电炎绝手罐装赏金神符,time_range;heroes;result,
matched_diff,28,05:45-05:50,控符,夜魇赏金符点附近： FLCN(天辉)： 朗戈; GLYPH(夜魇)： 无,朗戈拾取夜魇赏金神符,27,05:50-05:50,控符,天辉：朗戈；夜魇：无,朗戈拾取赏金神符,time_range;heroes;result,
matched_diff,29,05:55-06:00,控符,下符点附近： FLCN(天辉)： 电炎绝手; GLYPH(夜魇)： 无,神符刷新在另一侧,28,06:11-06:11,控符,天辉：电炎绝手；夜魇：无,电炎绝手罐装护盾神符,time_range;heroes;result,
matched_diff,31,06:53-07:03,控符,夜魇侧智慧神符附近： FLCN(天辉)： 无; GLYPH(夜魇)： 拉比克,拉比克拾取智慧神符,32,07:03-07:03,控符,天辉：无；夜魇：拉比克,拉比克拾取智慧神符,time_range;heroes,
matched_diff,32,06:53-07:03,控符,天辉侧智慧神符附近： FLCN(天辉)： 朗戈; GLYPH(夜魇)： 无,朗戈拾取智慧神符,33,07:03-07:03,控符,天辉：朗戈；夜魇：无,朗戈拾取智慧神符,time_range;heroes,
matched_diff,33,06:56-07:06,囤野/堆野,天辉：巫妖；夜魇：无,,30,07:01-07:01,囤野/堆野,天辉：巫妖；夜魇：无,巫妖 堆野计数增加：camps +1，creeps +2,time_range;result,
matched_diff,34,06:56-07:06,囤野/堆野,天辉：电炎绝手；夜魇：无,,31,07:01-07:01,囤野/堆野,天辉：电炎绝手；夜魇：无,电炎绝手 堆野计数增加：camps +1，creeps +3,time_range;result,
matched_diff,37,07:55-08:00,控符,上符点附近： FLCN(天辉)： 朗戈; GLYPH(夜魇)： 无,神符刷新在另一侧,39,08:10-08:10,控符,天辉：无；夜魇：祈求者,祈求者反补急速神符,time_range;heroes;result,地点错误，急速神符刷新在上符点
matched_diff,38,07:56-08:06,囤野/堆野,天辉：无；夜魇：祈求者,,38,08:01-08:01,囤野/堆野,天辉：无；夜魇：祈求者,祈求者 堆野计数增加：camps +1，creeps +3,time_range;result,
matched_diff,39,07:57-08:17,小规模冲突,天辉：小小、巫妖；夜魇：拉比克、树精卫士、酒仙、风行者,击杀结果：天辉 0 - 2 夜魇；死亡：08:07 巫妖、08:17 小小,36,07:55-08:11,小规模冲突,天辉：小小、巫妖；夜魇：拉比克、酒仙、风行者,击杀结果：天辉 0 - 1 夜魇；死亡：08:07 巫妖,time_range;heroes;result,
matched_diff,41,08:40-08:45,控符,夜魇赏金符点附近： FLCN(天辉)： 朗戈; GLYPH(夜魇)： 无,朗戈拾取夜魇赏金神符,40,08:45-08:45,控符,天辉：朗戈；夜魇：无,朗戈拾取赏金神符,time_range;heroes;result,
matched_diff,42,08:44-08:49,控符,天辉赏金符点附近： FLCN(天辉)： 电炎绝手; GLYPH(夜魇)： 无,电炎绝手罐装天辉赏金神符,41,08:49-08:49,控符,天辉：电炎绝手；夜魇：无,电炎绝手罐装赏金神符,time_range;heroes;result,
matched_diff,43,08:56-09:06,囤野/堆野,天辉：小小；夜魇：无,,42,09:01-09:01,囤野/堆野,天辉：小小；夜魇：无,小小 堆野计数增加：camps +1，creeps +2,time_range;result,
matched_diff,44,08:56-09:06,囤野/堆野,天辉：电炎绝手；夜魇：无,,43,09:01-09:01,囤野/堆野,天辉：电炎绝手；夜魇：无,电炎绝手 堆野计数增加：camps +1，creeps +3,time_range;result,
matched_diff,45,08:56-09:06,囤野/堆野,天辉：无；夜魇：祈求者,,44,09:01-09:01,囤野/堆野,天辉：无；夜魇：祈求者,祈求者 堆野计数增加：camps +2，creeps +9,time_range;result,
matched_diff,46,08:56-09:06,囤野/堆野,天辉：无；夜魇：风行者,,45,09:01-09:01,囤野/堆野,天辉：无；夜魇：风行者,风行者 堆野计数增加：camps +1，creeps +4,time_range;result,
matched_diff,47,09:14-09:27,小规模冲突 / 守塔团,天辉：小小、巫妖、朗戈、电炎绝手；夜魇：拉比克、祈求者,击杀结果：天辉 1 - 0 夜魇；死亡：09:27 拉比克,46,09:17-09:27,小规模冲突,天辉：巫妖、朗戈、电炎绝手；夜魇：拉比克、祈求者,击杀结果：天辉 1 - 0 夜魇；死亡：09:27 拉比克,labels;time_range;heroes,人物错误，小小没有参与小规模冲突，酒仙TP并取消
matched_diff,48,09:55-10:00,控符,上符点附近： FLCN(天辉)： 电炎绝手; GLYPH(夜魇)： 无,神符刷新在另一侧,50,10:09-10:09,控符,天辉：电炎绝手；夜魇：无,电炎绝手罐装恢复神符,time_range;heroes;result,
matched_diff,49,09:56-10:06,囤野/堆野,天辉：朗戈；夜魇：无,,48,10:01-10:01,囤野/堆野,天辉：朗戈；夜魇：无,朗戈 堆野计数增加：camps +1，creeps +2,time_range;result,
matched_diff,52,11:43-11:50,小规模冲突 / 守塔团,天辉：小小、巫妖；夜魇：拉比克、酒仙、风行者,击杀结果：天辉 0 - 1 夜魇；死亡：11:50 巫妖,52,11:35-11:50,小规模冲突,天辉：巫妖；夜魇：拉比克、酒仙、风行者,击杀结果：天辉 0 - 1 夜魇；死亡：11:50 巫妖,labels;time_range;heroes,
matched_diff,53,11:57-12:02,控符,"上符点附近： FLCN(天辉)： 电炎绝手, 朗戈; GLYPH(夜魇)： 无",电炎绝手罐装隐身神符,53,12:02-12:02,控符,天辉：电炎绝手；夜魇：无,电炎绝手罐装隐身神符,time_range;heroes,
matched_diff,54,12:33-12:37,小规模冲突 / 守塔团,天辉：小小、巫妖、朗戈、玛尔斯、电炎绝手；夜魇：树精卫士,击杀结果：天辉 1 - 0 夜魇；死亡：12:37 树精卫士,54,12:33-12:46,小规模冲突,天辉：小小、巫妖、朗戈、玛尔斯、电炎绝手；夜魇：树精卫士,击杀结果：天辉 1 - 0 夜魇；死亡：12:37 树精卫士,labels;time_range,
matched_diff,55,12:56-13:06,囤野/堆野,天辉：无；夜魇：祈求者,,55,13:01-13:01,囤野/堆野,天辉：无；夜魇：祈求者,祈求者 堆野计数增加：camps +1，creeps +1,time_range;result,
matched_diff,56,13:08-13:13,控符,"夜魇赏金符点附近： FLCN(天辉)： 巫妖, 玛尔斯; GLYPH(夜魇)： 无",玛尔斯拾取夜魇赏金神符,56,13:13-13:13,控符,天辉：玛尔斯；夜魇：无,玛尔斯拾取赏金神符,time_range;heroes;result,
matched_diff,57,13:33-14:06,开雾,天辉：无；夜魇：拉比克、酒仙,"使用: GLYPH(夜魇) 拉比克; 进入: 酒仙, 拉比克；位置：下路/下半区 raw=(162,92) game=(4392,-4583)",57,13:33-13:33,开雾,天辉：无；夜魇：拉比克,拉比克 使用诡计之雾,time_range;heroes;result,
matched_diff,59,13:53-13:58,控符,天辉赏金符点附近： FLCN(天辉)： 小小; GLYPH(夜魇)： 无,小小拾取天辉赏金神符,58,13:58-13:58,控符,天辉：小小；夜魇：无,小小拾取赏金神符,time_range;heroes;result,
matched_diff,60,13:55-14:00,控符,"上符点附近： FLCN(天辉)： 巫妖, 电炎绝手; GLYPH(夜魇)： 酒仙, 拉比克",神符刷新在另一侧,62,14:07-14:07,控符,天辉：朗戈；夜魇：无,朗戈拾取智慧神符,time_range;heroes;result,
matched_diff,61,13:56-14:06,囤野/堆野,天辉：小小；夜魇：无,,59,14:01-14:01,囤野/堆野,天辉：小小；夜魇：无,小小 堆野计数增加：camps +1，creeps +3,time_range;result,
matched_diff,62,13:56-14:06,囤野/堆野,天辉：朗戈；夜魇：无,,60,14:01-14:01,囤野/堆野,天辉：朗戈；夜魇：无,朗戈 堆野计数增加：camps +1，creeps +3,time_range;result,
matched_diff,63,13:57-14:07,控符,天辉侧智慧神符附近： FLCN(天辉)： 朗戈; GLYPH(夜魇)： 无,朗戈拾取智慧神符,63,14:11-14:11,控符,天辉：无；夜魇：酒仙,酒仙拾取幻象神符,time_range;heroes;result,
matched_diff,64,14:03-14:44,团战,天辉：小小、巫妖、朗戈、玛尔斯、电炎绝手；夜魇：拉比克、树精卫士、祈求者、酒仙、风行者,击杀结果：天辉 2 - 2 夜魇；死亡：14:12 玛尔斯、14:13 祈求者、14:39 巫妖、14:41 酒仙,61,14:04-14:44,团战,天辉：小小、巫妖、朗戈、玛尔斯、电炎绝手；夜魇：拉比克、树精卫士、祈求者、酒仙、风行者,击杀结果：天辉 2 - 2 夜魇；死亡：14:12 玛尔斯、14:13 祈求者、14:39 巫妖、14:41 酒仙,time_range,
matched_diff,66,14:52-15:02,控符,夜魇侧智慧神符附近： FLCN(天辉)： 无; GLYPH(夜魇)： 祈求者,祈求者拾取智慧神符,69,15:02-15:02,控符,天辉：无；夜魇：祈求者,祈求者拾取智慧神符,time_range;heroes,
matched_diff,67,14:56-15:06,囤野/堆野,天辉：小小；夜魇：无,,64,15:01-15:01,囤野/堆野,天辉：小小；夜魇：无,小小 堆野计数增加：camps +1，creeps +3,time_range;result,
matched_diff,68,14:56-15:06,囤野/堆野,天辉：朗戈；夜魇：无,,66,15:01-15:01,囤野/堆野,天辉：朗戈；夜魇：无,朗戈 堆野计数增加：camps +2，creeps +9,time_range;result,
matched_diff,69,14:56-15:06,囤野/堆野,天辉：玛尔斯；夜魇：无,,68,15:01-15:01,囤野/堆野,天辉：玛尔斯；夜魇：无,玛尔斯 堆野计数增加：camps +1，creeps +3,time_range;result,
matched_diff,70,14:56-15:06,囤野/堆野,天辉：无；夜魇：拉比克,,65,15:01-15:01,囤野/堆野,天辉：无；夜魇：拉比克,拉比克 堆野计数增加：camps +1，creeps +3,time_range;result,
matched_diff,71,14:56-15:06,囤野/堆野,天辉：无；夜魇：树精卫士,,67,15:01-15:01,囤野/堆野,天辉：无；夜魇：树精卫士,树精卫士 堆野计数增加：camps +1，creeps +3,time_range;result,
matched_diff,72,15:52-16:09,开雾,天辉：巫妖、朗戈、玛尔斯；夜魇：无,"使用: FLCN(天辉) 朗戈; 进入: 朗戈, 巫妖, 玛尔斯；位置：中路/河道 raw=(109,128) game=(-2459,39)",70,15:52-15:52,开雾,天辉：朗戈；夜魇：无,朗戈 使用诡计之雾,time_range;heroes;result,
matched_diff,73,16:02-16:07,控符,"上符点附近： FLCN(天辉)： 巫妖, 电炎绝手; GLYPH(夜魇)： 无",电炎绝手罐装奥术神符,71,16:07-16:07,控符,天辉：电炎绝手；夜魇：无,电炎绝手罐装奥术神符,time_range;heroes,人物错误，上符点附近漏了朗戈
matched_diff,74,16:56-17:06,囤野/堆野,天辉：电炎绝手；夜魇：无,,73,17:01-17:01,囤野/堆野,天辉：电炎绝手；夜魇：无,电炎绝手 堆野计数增加：camps +1，creeps +3,time_range;result,
matched_diff,75,16:56-17:06,囤野/堆野,天辉：无；夜魇：拉比克,,72,17:01-17:01,囤野/堆野,天辉：无；夜魇：拉比克,拉比克 堆野计数增加：camps +1，creeps +2,time_range;result,
matched_diff,76,16:56-17:06,囤野/堆野,天辉：无；夜魇：祈求者,,74,17:01-17:01,囤野/堆野,天辉：无；夜魇：祈求者,祈求者 堆野计数增加：camps +1，creeps +2,time_range;result,
matched_diff,77,16:57-17:02,控符,天辉赏金符点附近： FLCN(天辉)： 小小; GLYPH(夜魇)： 无,小小拾取天辉赏金神符,75,17:02-17:02,控符,天辉：小小；夜魇：无,小小拾取赏金神符,time_range;heroes;result,
matched_diff,78,17:06-17:14,小规模冲突,天辉：小小、朗戈、玛尔斯、电炎绝手；夜魇：拉比克、酒仙,击杀结果：天辉 0 - 0 夜魇；死亡：无,76,17:06-17:14,小规模冲突,天辉：朗戈、玛尔斯、电炎绝手；夜魇：拉比克、酒仙,击杀结果：天辉 0 - 0 夜魇；死亡：无,heroes,
matched_diff,79,17:18-17:25,小规模冲突,天辉：巫妖、朗戈；夜魇：树精卫士、风行者,击杀结果：天辉 0 - 1 夜魇；死亡：17:25 巫妖,77,17:18-17:29,小规模冲突,天辉：巫妖、朗戈；夜魇：树精卫士、风行者,击杀结果：天辉 0 - 1 夜魇；死亡：17:25 巫妖,time_range,时间延长到17:35，天辉参与增加电炎绝手、玛尔斯，结果不变
matched_diff,80,17:35-17:40,控符,夜魇赏金符点附近： FLCN(天辉)： 无; GLYPH(夜魇)： 风行者,风行者拾取夜魇赏金神符,78,17:40-17:40,控符,天辉：无；夜魇：风行者,风行者拾取赏金神符,time_range;heroes;result,
matched_diff,81,17:55-18:00,控符,"上符点附近： FLCN(天辉)： 电炎绝手, 朗戈; GLYPH(夜魇)： 无",电炎绝手罐装双倍神符,79,18:00-18:00,控符,天辉：电炎绝手；夜魇：无,电炎绝手罐装双倍神符,time_range;heroes,
matched_diff,82,17:56-18:06,囤野/堆野,天辉：朗戈；夜魇：无,,80,18:01-18:01,囤野/堆野,天辉：朗戈；夜魇：无,朗戈 堆野计数增加：camps +2，creeps +6,time_range;result,
matched_diff,83,17:56-18:06,囤野/堆野,天辉：无；夜魇：祈求者,,81,18:01-18:01,囤野/堆野,天辉：无；夜魇：祈求者,祈求者 堆野计数增加：camps +2，creeps +7,time_range;result,
matched_diff,84,18:56-19:06,囤野/堆野,天辉：无；夜魇：风行者,,82,19:01-19:01,囤野/堆野,天辉：无；夜魇：风行者,风行者 堆野计数增加：camps +1，creeps +2,time_range;result,风行者没有囤野
matched_diff,85,19:26-19:31,控符,下符点附近： FLCN(天辉)： 电炎绝手; GLYPH(夜魇)： 无,电炎绝手拾取双倍神符,83,19:31-19:31,控符,天辉：电炎绝手；夜魇：无,电炎绝手拾取双倍神符,time_range;heroes,地点错误，改为上符点
matched_diff,86,19:56-20:06,囤野/堆野,天辉：无；夜魇：风行者,,84,20:01-20:01,囤野/堆野,天辉：无；夜魇：风行者,风行者 堆野计数增加：camps +1，creeps +3,time_range;result,
matched_diff,87,20:02-20:07,控符,上符点附近： FLCN(天辉)： 无; GLYPH(夜魇)： 祈求者,祈求者反补奥术神符,85,20:07-20:07,控符,天辉：无；夜魇：祈求者,祈求者反补奥术神符,time_range;heroes,
matched_diff,88,20:09-20:14,控符,夜魇赏金符点附近： FLCN(天辉)： 无; GLYPH(夜魇)： 风行者,风行者拾取夜魇赏金神符,86,20:14-20:14,控符,天辉：无；夜魇：风行者,风行者拾取赏金神符,time_range;heroes;result,
matched_diff,89,20:26-20:26,资源获得,天辉：巫妖；夜魇：无,FLCN(天辉) 巫妖击杀魔晶/获得魔晶,87,20:26-20:26,资源获得,天辉：巫妖；夜魇：无,巫妖获得/击杀魔晶/折磨者,result,
matched_diff,90,20:55-21:00,控符,天辉赏金符点附近： FLCN(天辉)： 小小; GLYPH(夜魇)： 无,小小拾取天辉赏金神符,88,21:00-21:00,控符,天辉：小小；夜魇：无,小小拾取赏金神符,time_range;heroes;result,
matched_diff,91,20:56-21:06,囤野/堆野,天辉：玛尔斯；夜魇：无,,90,21:01-21:01,囤野/堆野,天辉：玛尔斯；夜魇：无,玛尔斯 堆野计数增加：camps +1，creeps +2,time_range;result,
matched_diff,92,20:56-21:06,囤野/堆野,天辉：电炎绝手；夜魇：无,,91,21:01-21:01,囤野/堆野,天辉：电炎绝手；夜魇：无,电炎绝手 堆野计数增加：camps +1，creeps +3,time_range;result,
matched_diff,93,20:56-21:06,囤野/堆野,天辉：无；夜魇：拉比克,,89,21:01-21:01,囤野/堆野,天辉：无；夜魇：拉比克,拉比克 堆野计数增加：camps +1，creeps +3,time_range;result,
matched_diff,94,20:56-21:06,囤野/堆野,天辉：无；夜魇：风行者,,92,21:01-21:01,囤野/堆野,天辉：无；夜魇：风行者,风行者 堆野计数增加：camps +1，creeps +2,time_range;result,
matched_diff,95,20:58-21:08,控符,天辉侧智慧神符附近： FLCN(天辉)： 朗戈; GLYPH(夜魇)： 无,朗戈拾取智慧神符,93,21:08-21:08,控符,天辉：朗戈；夜魇：无,朗戈拾取智慧神符,time_range;heroes,
matched_diff,96,21:00-21:10,控符,夜魇侧智慧神符附近： FLCN(天辉)： 无; GLYPH(夜魇)： 拉比克,拉比克拾取智慧神符,94,21:10-21:10,控符,天辉：无；夜魇：拉比克,拉比克拾取智慧神符,time_range;heroes,
matched_diff,97,21:55-22:00,控符,上符点附近： FLCN(天辉)： 朗戈; GLYPH(夜魇)： 无,神符刷新在另一侧,97,22:08-22:08,控符,天辉：无；夜魇：拉比克,拉比克拾取护盾神符,time_range;heroes;result,
matched_diff,98,21:56-22:06,囤野/堆野,天辉：无；夜魇：酒仙,,95,22:01-22:01,囤野/堆野,天辉：无；夜魇：酒仙,酒仙 堆野计数增加：camps +1，creeps +5,time_range;result,
matched_diff,100,22:20-22:41,开雾,天辉：小小、巫妖、朗戈、电炎绝手；夜魇：无,"使用: FLCN(天辉) 巫妖; 进入: 朗戈, 巫妖, 电炎绝手, 小小；位置：下路/下半区 raw=(134,93) game=(743,-4506)",98,22:20-22:20,开雾,天辉：巫妖；夜魇：无,巫妖 使用诡计之雾,time_range;heroes;result,人物错误，电炎绝手没有进雾
matched_diff,101,22:42-22:46,小规模冲突,天辉：小小、朗戈、电炎绝手；夜魇：拉比克,击杀结果：天辉 1 - 0 夜魇；死亡：22:46 拉比克,99,22:43-22:46,小规模冲突,天辉：小小、朗戈、玛尔斯、电炎绝手；夜魇：拉比克、风行者,击杀结果：天辉 1 - 0 夜魇；死亡：22:46 拉比克,time_range;heroes,巫妖在附近但是没有参与助攻
matched_diff,103,23:35-23:46,开雾,天辉：无；夜魇：拉比克、树精卫士、祈求者、酒仙、风行者,"使用: GLYPH(夜魇) 树精卫士; 进入: 酒仙, 祈求者, 拉比克, 树精卫士, 风行者；位置：中路/河道 raw=(126,150) game=(-288,2820)",102,23:35-23:35,开雾,天辉：无；夜魇：树精卫士,树精卫士 使用诡计之雾,time_range;heroes;result,
matched_diff,104,23:42-23:46,开雾,天辉：小小、巫妖、朗戈、电炎绝手；夜魇：无,"使用: FLCN(天辉) 朗戈; 进入: 朗戈, 巫妖, 电炎绝手, 小小；位置：中路/河道 raw=(103,126) game=(-3221,-261)",103,23:42-23:42,开雾,天辉：朗戈；夜魇：无,朗戈 使用诡计之雾,time_range;heroes;result,
matched_diff,105,23:47-24:08,团战,天辉：小小、巫妖、朗戈、玛尔斯、电炎绝手；夜魇：拉比克、树精卫士、祈求者、酒仙、风行者,击杀结果：天辉 0 - 2 夜魇；死亡：23:56 玛尔斯、23:59 小小,104,23:47-24:08,团战,天辉：小小、巫妖、朗戈、玛尔斯、电炎绝手；夜魇：拉比克、树精卫士、祈求者、酒仙、风行者,击杀结果：天辉 0 - 3 夜魇；死亡：23:56 玛尔斯、23:59 小小、24:08 朗戈,result,结果错误，击杀结果：天辉 0 - 3 夜魇；死亡：23:56 玛尔斯、23:59 小小、24:08 朗戈
matched_diff,106,23:57-24:02,控符,"上符点附近： FLCN(天辉)： 无; GLYPH(夜魇)： 祈求者, 拉比克, 树精卫士",树精卫士拾取隐身神符,105,24:02-24:02,控符,天辉：无；夜魇：树精卫士,树精卫士拾取隐身神符,time_range;heroes,
matched_diff,107,24:34-24:39,控符,夜魇赏金符点附近： FLCN(天辉)： 无; GLYPH(夜魇)： 拉比克,拉比克拾取夜魇赏金神符,107,24:39-24:39,控符,天辉：无；夜魇：拉比克,拉比克拾取赏金神符,time_range;heroes;result,
matched_diff,108,24:35-24:35,肉山击杀,天辉：无；夜魇：风行者,GLYPH(夜魇)击杀肉山；GLYPH(夜魇) 风行者获得肉山盾,106,24:35-24:35,肉山击杀,天辉：无；夜魇：风行者,夜魇击杀肉山；风行者获得肉山盾,result,
matched_diff,109,24:44-24:49,控符,天辉赏金符点附近： FLCN(天辉)： 巫妖; GLYPH(夜魇)： 无,巫妖拾取天辉赏金神符,108,24:49-24:49,控符,天辉：巫妖；夜魇：无,巫妖拾取赏金神符,time_range;heroes;result,
matched_diff,110,24:56-25:06,囤野/堆野,天辉：巫妖；夜魇：无,,109,25:01-25:01,囤野/堆野,天辉：巫妖；夜魇：无,巫妖 堆野计数增加：camps +1，creeps +4,time_range;result,
matched_diff,111,24:56-25:06,囤野/堆野,天辉：无；夜魇：祈求者,,110,25:01-25:01,囤野/堆野,天辉：无；夜魇：祈求者,祈求者 堆野计数增加：camps +1，creeps +3,time_range;result,
matched_diff,112,25:30-26:15,团战,天辉：小小、巫妖、朗戈、玛尔斯、电炎绝手；夜魇：拉比克、树精卫士、祈求者、酒仙、风行者,击杀结果：天辉 0 - 1 夜魇；死亡：25:55 电炎绝手,111,25:39-26:16,团战,天辉：小小、巫妖、朗戈、玛尔斯、电炎绝手；夜魇：拉比克、树精卫士、祈求者、酒仙、风行者,击杀结果：天辉 2 - 3 夜魇；死亡：25:42 酒仙、25:55 电炎绝手、26:00 玛尔斯、26:14 拉比克、26:14 朗戈,time_range;result,击杀结果：天辉2-3夜魇，死亡：25:42 酒仙、25:55 电炎绝手、26:01 玛尔斯、26:14拉比克、26:14朗戈
matched_diff,113,26:28-26:33,控符,下符点附近： FLCN(天辉)： 无; GLYPH(夜魇)： 风行者,风行者拾取急速神符,112,26:33-26:33,控符,天辉：无；夜魇：风行者,风行者拾取急速神符,time_range;heroes,
matched_diff,114,27:52-28:02,控符,夜魇侧智慧神符附近： FLCN(天辉)： 无; GLYPH(夜魇)： 祈求者,祈求者拾取智慧神符,113,28:00-28:00,控符,天辉：小小；夜魇：无,小小拾取幻象神符,time_range;heroes;result,
matched_diff,115,27:52-28:02,控符,"天辉侧智慧神符附近： FLCN(天辉)： 无; GLYPH(夜魇)： 酒仙, 拉比克",酒仙拾取智慧神符,114,28:02-28:02,控符,天辉：无；夜魇：祈求者,祈求者拾取智慧神符,time_range;heroes;result,
matched_diff,116,27:55-28:00,控符,下符点附近： FLCN(天辉)： 小小; GLYPH(夜魇)： 无,小小拾取幻象神符,115,28:02-28:02,控符,天辉：无；夜魇：酒仙,酒仙拾取智慧神符,time_range;heroes;result,
matched_diff,117,28:15-28:32,开雾,天辉：无；夜魇：拉比克、树精卫士、酒仙、风行者,"使用: GLYPH(夜魇) 树精卫士; 进入: 酒仙, 拉比克, 树精卫士, 风行者；位置：上路/上半区 raw=(77,131) game=(-6532,416)",116,28:15-28:15,开雾,天辉：无；夜魇：树精卫士,树精卫士 使用诡计之雾,time_range;heroes;result,
matched_diff,118,28:23-28:28,控符,天辉赏金符点附近： FLCN(天辉)： 电炎绝手; GLYPH(夜魇)： 无,电炎绝手罐装天辉赏金神符,117,28:28-28:28,控符,天辉：电炎绝手；夜魇：无,电炎绝手罐装赏金神符,time_range;heroes;result,
matched_diff,119,28:28-28:50,小规模冲突,天辉：小小、朗戈、电炎绝手；夜魇：树精卫士、祈求者、酒仙、风行者,击杀结果：天辉 0 - 1 夜魇；死亡：28:50 小小,118,28:33-28:38,小规模冲突,天辉：朗戈、电炎绝手；夜魇：祈求者、酒仙、风行者,击杀结果：天辉 0 - 0 夜魇；死亡：无,time_range;heroes;result,团战，参与者漏了，天辉：小小、朗戈、电炎绝手。玛尔斯；夜魇：树精卫士、祈求者、酒仙、风行者、拉比克
matched_diff,120,28:56-29:06,囤野/堆野,天辉：玛尔斯；夜魇：无,,120,29:01-29:01,囤野/堆野,天辉：玛尔斯；夜魇：无,玛尔斯 堆野计数增加：camps +1，creeps +3,time_range;result,
matched_diff,121,29:35-29:37,小规模冲突,天辉：电炎绝手；夜魇：祈求者,击杀结果：未记录英雄击杀,121,29:35-29:37,小规模冲突,天辉：电炎绝手；夜魇：祈求者,击杀结果：天辉 0 - 0 夜魇；死亡：无,result,
matched_diff,122,29:43-29:48,控符,夜魇赏金符点附近： FLCN(天辉)： 无; GLYPH(夜魇)： 拉比克,拉比克拾取夜魇赏金神符,122,29:48-29:48,控符,天辉：无；夜魇：拉比克,拉比克拾取赏金神符,time_range;heroes;result,
matched_diff,123,29:56-30:06,囤野/堆野,天辉：无；夜魇：拉比克,,123,30:01-30:01,囤野/堆野,天辉：无；夜魇：拉比克,拉比克 堆野计数增加：camps +1，creeps +3,time_range;result,
matched_diff,124,29:59-30:04,控符,上符点附近： FLCN(天辉)： 无; GLYPH(夜魇)： 拉比克,拉比克拾取双倍神符,124,30:04-30:04,控符,天辉：无；夜魇：拉比克,拉比克拾取双倍神符,time_range;heroes,
matched_diff,125,30:08-30:12,小规模冲突,天辉：玛尔斯；夜魇：拉比克、树精卫士、祈求者,击杀结果：未记录英雄击杀；死亡：无,125,30:08-30:16,小规模冲突,天辉：玛尔斯；夜魇：拉比克、祈求者、风行者,击杀结果：天辉 0 - 0 夜魇；死亡：无,time_range;heroes;result,人物漏了电炎绝手、巫妖
matched_diff,126,30:26-31:01,开雾,天辉：无；夜魇：拉比克、树精卫士、风行者,"使用: GLYPH(夜魇) 树精卫士; 进入: 拉比克, 树精卫士, 风行者；位置：上路/上半区 raw=(85,168) game=(-5556,5179)",126,30:26-30:26,开雾,天辉：无；夜魇：树精卫士,树精卫士 使用诡计之雾,time_range;heroes;result,
matched_diff,127,30:27-30:47,小规模冲突,天辉：巫妖、朗戈、玛尔斯；夜魇：酒仙,击杀结果：天辉 1 - 0 夜魇；死亡：30:47 酒仙,127,30:31-30:42,小规模冲突,天辉：巫妖、朗戈、玛尔斯；夜魇：酒仙,击杀结果：天辉 1 - 0 夜魇；死亡：30:42 酒仙,time_range;result,
matched_diff,128,31:09-31:16,开雾,天辉：巫妖、朗戈、电炎绝手；夜魇：无,"使用: FLCN(天辉) 朗戈; 进入: 朗戈, 巫妖, 电炎绝手；位置：上路/上半区 raw=(95,131) game=(-4244,414)",128,31:09-31:09,开雾,天辉：朗戈；夜魇：无,朗戈 使用诡计之雾,time_range;heroes;result,
matched_diff,130,31:55-32:00,控符,"上符点附近： FLCN(天辉)： 巫妖, 电炎绝手; GLYPH(夜魇)： 无",神符刷新在另一侧,130,32:25-32:25,控符,天辉：无；夜魇：拉比克,拉比克拾取恢复神符,time_range;heroes;result,人物错误，天辉与夜魇均没有人物参与
matched_diff,132,32:53-32:58,控符,夜魇赏金符点附近： FLCN(天辉)： 无; GLYPH(夜魇)： 祈求者,祈求者拾取夜魇赏金神符,131,32:58-32:58,控符,天辉：无；夜魇：祈求者,祈求者拾取赏金神符,time_range;heroes;result,
matched_diff,133,33:01-33:01,资源获得,天辉：无；夜魇：树精卫士,GLYPH(夜魇) 树精卫士击杀魔晶/获得魔晶,132,33:01-33:01,资源获得,天辉：无；夜魇：树精卫士,树精卫士获得/击杀魔晶/折磨者,result,
matched_diff,134,33:07-33:31,开雾,天辉：无；夜魇：拉比克、树精卫士、酒仙、风行者,"使用: GLYPH(夜魇) 拉比克; 进入: 酒仙, 拉比克, 树精卫士, 风行者；位置：下路/下半区 raw=(185,75) game=(7321,-6752)",133,33:07-33:07,开雾,天辉：无；夜魇：拉比克,拉比克 使用诡计之雾,time_range;heroes;result,
matched_diff,135,33:28-34:08,肉山团 / 团战,天辉：小小、巫妖、朗戈、玛尔斯、电炎绝手；夜魇：树精卫士、祈求者、酒仙、风行者,击杀结果：天辉 1 - 2 夜魇；死亡：33:44 巫妖、33:44 朗戈、33:47 树精卫士；目标：肉山相关,134,33:33-34:08,团战,天辉：小小、巫妖、朗戈、玛尔斯、电炎绝手；夜魇：拉比克、树精卫士、祈求者、酒仙、风行者,击杀结果：天辉 1 - 4 夜魇；死亡：33:44 巫妖、33:44 朗戈、33:47 树精卫士、33:52 电炎绝手、34:08 小小,labels;time_range;heroes;result,结果错误，击杀结果：天辉 1 - 4 夜魇；死亡：33:44 巫妖、33:44 朗戈、33:47 树精卫士、33:52 电炎绝手、34:08 小小
matched_diff,136,34:33-34:38,控符,"上符点附近： FLCN(天辉)： 无; GLYPH(夜魇)： 拉比克, 树精卫士",拉比克拾取隐身神符,135,34:38-34:38,控符,天辉：无；夜魇：拉比克,拉比克拾取隐身神符,time_range;heroes,
matched_diff,137,34:45-34:45,肉山击杀,天辉：无；夜魇：风行者,GLYPH(夜魇)击杀肉山；GLYPH(夜魇) 风行者获得肉山盾,136,34:45-34:45,肉山击杀,天辉：无；夜魇：风行者,夜魇击杀肉山；风行者获得肉山盾,result,
matched_diff,138,34:53-34:58,控符,天辉赏金符点附近： FLCN(天辉)： 玛尔斯; GLYPH(夜魇)： 无,玛尔斯拾取天辉赏金神符,137,34:58-34:58,控符,天辉：玛尔斯；夜魇：无,玛尔斯拾取赏金神符,time_range;heroes;result,
matched_diff,139,34:53-35:03,控符,夜魇侧智慧神符附近： FLCN(天辉)： 无; GLYPH(夜魇)： 树精卫士,树精卫士拾取智慧神符,138,35:03-35:03,控符,天辉：无；夜魇：树精卫士,树精卫士拾取智慧神符,time_range;heroes,
matched_diff,140,34:54-35:04,控符,天辉侧智慧神符附近： FLCN(天辉)： 无; GLYPH(夜魇)： 酒仙,酒仙拾取智慧神符,139,35:04-35:04,控符,天辉：无；夜魇：酒仙,酒仙拾取智慧神符,time_range;heroes,
matched_diff,142,36:09-36:14,控符,下符点附近： FLCN(天辉)： 玛尔斯; GLYPH(夜魇)： 无,玛尔斯拾取双倍神符,140,36:14-36:14,控符,天辉：玛尔斯；夜魇：无,玛尔斯拾取双倍神符,time_range;heroes,
matched_diff,143,36:16-36:39,高地团 / 团战 / 守塔团,天辉：小小、巫妖、朗戈、玛尔斯、电炎绝手；夜魇：拉比克、树精卫士、祈求者、酒仙、风行者,击杀结果：天辉 1 - 2 夜魇；死亡：36:31 风行者[带盾阵亡]、36:33 巫妖、36:39 玛尔斯,141,36:19-37:47,团战,天辉：小小、巫妖、朗戈、玛尔斯、电炎绝手；夜魇：拉比克、树精卫士、祈求者、酒仙、风行者,击杀结果：天辉 4 - 5 夜魇；死亡：36:31 风行者、36:33 巫妖、36:39 玛尔斯、37:07 风行者、37:15 树精卫士、37:30 酒仙、37:36 巫妖、37:44 小小、37:47 朗戈,labels;time_range;result,
matched_diff,144,36:31-36:31,带盾阵亡,天辉：无；夜魇：风行者,36:31 风行者 带盾阵亡/消耗不朽盾；Aegis 获取时间 34:45,142,36:31-36:31,带盾阵亡,天辉：无；夜魇：风行者,风行者带盾阵亡；Aegis获取时间 34:45,result,
matched_diff,146,38:05-38:10,控符,上符点附近： FLCN(天辉)： 无; GLYPH(夜魇)： 拉比克,拉比克拾取恢复神符,143,38:10-38:10,控符,天辉：无；夜魇：拉比克,拉比克拾取恢复神符,time_range;heroes,
matched_diff,147,38:16-38:39,高地团 / 小规模冲突,天辉：玛尔斯、电炎绝手；夜魇：拉比克、祈求者,击杀结果：天辉 0 - 2 夜魇；死亡：38:27 玛尔斯、38:39 电炎绝手,144,38:23-38:41,小规模冲突,天辉：玛尔斯、电炎绝手；夜魇：拉比克、祈求者,击杀结果：天辉 0 - 2 夜魇；死亡：38:27 玛尔斯、38:39 电炎绝手,labels;time_range,团战地点在高地外
matched_diff,148,39:13-39:36,高地团 / 团战 / 守塔团,天辉：小小、巫妖、朗戈、电炎绝手；夜魇：拉比克、树精卫士、祈求者、酒仙、风行者,击杀结果：天辉 0 - 2 夜魇；死亡：39:27 朗戈、39:28 巫妖,145,39:14-39:36,团战,天辉：小小、巫妖、朗戈、玛尔斯、电炎绝手；夜魇：拉比克、树精卫士、祈求者、酒仙、风行者,击杀结果：天辉 0 - 2 夜魇；死亡：39:27 朗戈、39:28 巫妖,labels;time_range;heroes,
matched_diff,149,39:49-39:54,控符,天辉赏金符点附近： FLCN(天辉)： 无; GLYPH(夜魇)： 拉比克,拉比克拾取天辉赏金神符,146,39:54-39:54,控符,天辉：无；夜魇：拉比克,拉比克拾取赏金神符,time_range;heroes;result,
matched_diff,150,39:55-40:00,控符,上符点附近： FLCN(天辉)： 无; GLYPH(夜魇)： 树精卫士,神符刷新在另一侧,148,40:01-40:01,控符,天辉：无；夜魇：拉比克,拉比克拾取赏金神符,time_range;heroes;result,
matched_diff,151,39:56-40:01,控符,天辉赏金符点附近： FLCN(天辉)： 无; GLYPH(夜魇)： 拉比克,拉比克拾取天辉赏金神符,149,40:08-40:08,控符,天辉：无；夜魇：树精卫士,树精卫士拾取急速神符,time_range;heroes;result,
matched_diff,152,39:56-40:06,囤野/堆野,天辉：无；夜魇：拉比克,,147,40:01-40:01,囤野/堆野,天辉：无；夜魇：拉比克,拉比克 堆野计数增加：camps +1，creeps +3,time_range;result,
matched_diff,153,40:03-40:08,控符,下符点附近： FLCN(天辉)： 无; GLYPH(夜魇)： 树精卫士,树精卫士拾取急速神符,150,40:19-40:19,控符,天辉：无；夜魇：酒仙,酒仙拾取赏金神符,time_range;heroes;result,
matched_diff,154,40:14-40:19,控符,夜魇赏金符点附近： FLCN(天辉)： 无; GLYPH(夜魇)： 酒仙,酒仙拾取夜魇赏金神符,151,40:19-40:19,控符,天辉：无；夜魇：酒仙,酒仙拾取赏金神符,time_range;heroes;result,
matched_diff,155,41:06-41:26,小规模冲突,天辉：玛尔斯、电炎绝手；夜魇：树精卫士,击杀结果：天辉 1 - 0 夜魇；死亡：41:26 树精卫士,152,41:18-41:21,小规模冲突,天辉：巫妖、玛尔斯、电炎绝手；夜魇：树精卫士,击杀结果：天辉 1 - 0 夜魇；死亡：41:21 树精卫士,time_range;heroes;result,
matched_diff,156,41:32-41:42,开雾,天辉：巫妖、朗戈、玛尔斯、电炎绝手；夜魇：无,"使用: FLCN(天辉) 朗戈; 进入: 朗戈, 巫妖, 玛尔斯, 电炎绝手；位置：中路/河道 raw=(96,111) game=(-4041,-2184)",153,41:32-41:32,开雾,天辉：朗戈；夜魇：无,朗戈 使用诡计之雾,time_range;heroes;result,
matched_diff,157,41:53-42:03,控符,天辉侧智慧神符附近： FLCN(天辉)： 无; GLYPH(夜魇)： 祈求者,祈求者拾取智慧神符,154,42:03-42:03,控符,天辉：无；夜魇：祈求者,祈求者拾取智慧神符,time_range;heroes,
matched_diff,158,41:59-42:04,控符,下符点附近： FLCN(天辉)： 电炎绝手; GLYPH(夜魇)： 无,电炎绝手拾取护盾神符,155,42:04-42:04,控符,天辉：电炎绝手；夜魇：无,电炎绝手拾取护盾神符,time_range;heroes,
matched_diff,159,42:50-43:04,小规模冲突,天辉：小小、朗戈；夜魇：拉比克、祈求者、酒仙、风行者,击杀结果：天辉 0 - 1 夜魇；死亡：43:04 朗戈,157,42:58-43:04,小规模冲突,天辉：朗戈、玛尔斯；夜魇：拉比克、祈求者、酒仙、风行者,击杀结果：天辉 0 - 1 夜魇；死亡：43:04 朗戈,time_range;heroes,
matched_diff,160,43:55-44:00,控符,"上符点附近： FLCN(天辉)： 无; GLYPH(夜魇)： 拉比克, 树精卫士",神符刷新在另一侧,159,44:04-44:04,控符,天辉：无；夜魇：祈求者,祈求者拾取奥术神符,time_range;heroes;result,
matched_diff,161,43:59-44:04,控符,下符点附近： FLCN(天辉)： 无; GLYPH(夜魇)： 祈求者,祈求者拾取奥术神符,160,44:13-44:13,控符,天辉：无；夜魇：祈求者,祈求者拾取赏金神符,time_range;heroes;result,
matched_diff,162,44:08-44:13,控符,天辉赏金符点附近： FLCN(天辉)： 无; GLYPH(夜魇)： 祈求者,祈求者拾取天辉赏金神符,161,44:16-44:16,控符,天辉：无；夜魇：风行者,风行者拾取赏金神符,time_range;heroes;result,
matched_diff,164,44:17-44:47,开雾,天辉：小小、巫妖、玛尔斯；夜魇：无,"使用: FLCN(天辉) 巫妖; 进入: 巫妖, 玛尔斯, 小小；位置：中路/河道 raw=(82,96) game=(-5848,-4116)",162,44:17-44:17,开雾,天辉：巫妖；夜魇：无,巫妖 使用诡计之雾,time_range;heroes;result,
matched_diff,166,44:47-45:18,团战,天辉：巫妖、朗戈、玛尔斯、电炎绝手；夜魇：拉比克、树精卫士、祈求者、酒仙、风行者,击杀结果：未记录英雄击杀；死亡：无,163,44:48-45:22,团战,天辉：小小、巫妖、朗戈、玛尔斯、电炎绝手；夜魇：拉比克、树精卫士、祈求者、酒仙、风行者,击杀结果：天辉 0 - 3 夜魇；死亡：44:57 朗戈、45:09 电炎绝手、45:15 玛尔斯,time_range;heroes;result,结果错误。击杀结果：天辉 0-2夜魇；死亡：44:58朗戈、45:10电炎绝手
